0, COM28, A0, useless comment,
38840, COM28, M1, useless comment,
45840, COM28, M2, useless comment,
48160, COM28, M3, useless comment,
49080, COM28, M4, useless comment,
50680, COM28, M5, useless comment,
53000, COM28, M6, useless comment,
53560, COM28, M7, useless comment,
54760, COM28, M8, useless comment,
56760, COM28, M9, useless comment,
59000, COM28, Ma, useless comment,
67520, COM28, AA, useless comment,
72680, COM28, AB, useless comment,
77520, COM28, AC, useless comment,
81100, COM28, Fb, useless comment,
81880, COM28, AD, useless comment,
82280, COM28, Fc, useless comment,
82880, COM28, AE, useless comment,
83440, COM28, Fd, useless comment,
83880, COM28, AF, useless comment,
84440, COM28, Fe, useless comment,
84880, COM28, AG, useless comment,
85440, COM28, Ff, useless comment,
85800, COM28, AH, useless comment,
86400, COM28, Fg, useless comment,
86800, COM28, AI, useless comment,
87400, COM28, Fh, useless comment,
87800, COM28, AJ, useless comment,
88800, COM28, Fi, useless comment,
89200, COM28, AK, useless comment,
93640, COM28, AL, useless comment,
95600, COM28, AM, useless comment,
100000, COM28, AN, useless comment,
